Rental Id,Duration,Bike Id,End Date,EndStation Id,EndStation Name,Start Date,StartStation Id,StartStation Name
94113398,960,6800,07/01/2020 14:07,541,"Green Park Station, Mayfair",07/01/2020 13:51,164,"Cleveland Gardens, Bayswater"
94117049,600,8691,07/01/2020 17:06,48,"Godliman Street, St. Paul's",07/01/2020 16:56,323,"Clifton Street, Shoreditch"
94110497,540,531,07/01/2020 11:01,654,"Ashmole Estate, Oval",07/01/2020 10:52,624,"Courland Grove, Wandsworth Road"
94050449,600,8150,04/01/2020 12:27,685,"Osiers Road, Wandsworth",04/01/2020 12:17,774,"Hurlingham Park, Parsons Green"
94019122,1140,15515,02/01/2020 16:31,676,"Hartington Road, Stockwell",02/01/2020 16:12,83,"Panton Street, West End"
94053811,240,9681,04/01/2020 14:35,202,"Leman Street, Aldgate",04/01/2020 14:31,449,"Shadwell Station, Shadwell"
94047561,420,16447,04/01/2020 09:50,765,"Ranelagh Gardens, Fulham",04/01/2020 09:43,685,"Osiers Road, Wandsworth"
94010337,360,4973,02/01/2020 08:35,694,"Putney Rail Station, Putney",02/01/2020 08:29,685,"Osiers Road, Wandsworth"
94116373,600,16532,07/01/2020 16:44,624,"Courland Grove, Wandsworth Road",07/01/2020 16:34,654,"Ashmole Estate, Oval"
94103230,720,12395,07/01/2020 08:17,323,"Clifton Street, Shoreditch",07/01/2020 08:05,48,"Godliman Street, St. Paul's"
94033146,420,8688,03/01/2020 12:08,769,"Sandilands Road, Walham Green",03/01/2020 12:01,665,"Smugglers Way, Wandsworth"
94011730,1080,15301,02/01/2020 09:25,83,"Panton Street, West End",02/01/2020 09:07,669,"Teversham Lane, Stockwell"
94011856,300,8435,02/01/2020 09:17,685,"Osiers Road, Wandsworth",02/01/2020 09:12,705,"Upper Richmond Road, Putney"
94034709,420,15886,03/01/2020 13:36,665,"Smugglers Way, Wandsworth",03/01/2020 13:29,769,"Sandilands Road, Walham Green"
94102904,1140,16336,07/01/2020 08:18,799,"Kings Gate House, Westminster",07/01/2020 07:59,156,"New Kent Road, The Borough"
94051668,840,17028,04/01/2020 13:22,168,"Argyll Road, Kensington",04/01/2020 13:08,757,"Harcourt Terrace, West Brompton"
94065795,600,7403,05/01/2020 12:12,168,"Argyll Road, Kensington",05/01/2020 12:02,757,"Harcourt Terrace, West Brompton"
94119067,960,14756,07/01/2020 17:49,827,"Cranmer Road, Stockwell",07/01/2020 17:33,193,"Bankside Mix, Bankside"
94011113,540,7339,02/01/2020 08:57,646,"Buckingham Gate, Westminster",02/01/2020 08:48,347,"Lower Marsh, Waterloo"
94028930,840,15842,03/01/2020 08:36,360,"Howick Place, Westminster",03/01/2020 08:22,388,"Southampton Street, Strand"
94037959,900,16150,03/01/2020 16:21,338,"Wellington Street , Strand",03/01/2020 16:06,360,"Howick Place, Westminster"
94078591,720,16162,06/01/2020 08:14,646,"Buckingham Gate, Westminster",06/01/2020 08:02,347,"Lower Marsh, Waterloo"
94063309,180,214,05/01/2020 09:19,802,"Albert Square, Stockwell",05/01/2020 09:16,827,"Cranmer Road, Stockwell"
94023533,480,9265,02/01/2020 18:34,409,"Strata, Elephant & Castle",02/01/2020 18:26,827,"Cranmer Road, Stockwell"
94020616,300,3356,02/01/2020 17:12,580,"Doddington Grove, Kennington",02/01/2020 17:07,827,"Cranmer Road, Stockwell"
94120173,1380,10783,07/01/2020 18:12,94,"Bricklayers Arms, Borough",07/01/2020 17:49,646,"Buckingham Gate, Westminster"
94091843,1260,16048,06/01/2020 17:40,156,"New Kent Road, The Borough",06/01/2020 17:19,799,"Kings Gate House, Westminster"
94018942,1080,15339,02/01/2020 16:23,156,"New Kent Road, The Borough",02/01/2020 16:05,799,"Kings Gate House, Westminster"
94105976,420,2720,07/01/2020 08:47,645,"Great Suffolk Street, The Borough",07/01/2020 08:40,411,"Walworth Road, Elephant & Castle"
94097413,420,3489,06/01/2020 19:45,453,"Garnet Street, Shadwell",06/01/2020 19:38,46,"Nesham Street, Wapping"
94000834,660,16802,01/01/2020 12:47,115,"Braham Street, Aldgate",01/01/2020 12:36,46,"Nesham Street, Wapping"
94061510,1140,10574,04/01/2020 23:10,531,"Twig Folly Bridge, Mile End",04/01/2020 22:51,46,"Nesham Street, Wapping"
94024942,900,4673,02/01/2020 19:54,510,"Westferry DLR, Limehouse",02/01/2020 19:39,46,"Nesham Street, Wapping"
94006046,1680,15211,01/01/2020 19:30,659,"Blackfriars Station, St. Paul's",01/01/2020 19:02,46,"Nesham Street, Wapping"
94006049,1680,145,01/01/2020 19:30,659,"Blackfriars Station, St. Paul's",01/01/2020 19:02,46,"Nesham Street, Wapping"
94025267,420,2133,02/01/2020 20:11,488,"Reardon Street, Wapping",02/01/2020 20:04,46,"Nesham Street, Wapping"
94049231,3120,14427,04/01/2020 12:15,552,"Watney Street, Shadwell",04/01/2020 11:23,46,"Nesham Street, Wapping"
94044288,360,4049,03/01/2020 20:28,85,"Tanner Street, Bermondsey",03/01/2020 20:22,46,"Nesham Street, Wapping"
94042853,480,16011,03/01/2020 18:51,488,"Reardon Street, Wapping",03/01/2020 18:43,46,"Nesham Street, Wapping"
94089828,300,14632,06/01/2020 16:14,488,"Reardon Street, Wapping",06/01/2020 16:09,46,"Nesham Street, Wapping"
94006048,1680,9274,01/01/2020 19:30,659,"Blackfriars Station, St. Paul's",01/01/2020 19:02,46,"Nesham Street, Wapping"
94060857,780,16266,04/01/2020 21:36,115,"Braham Street, Aldgate",04/01/2020 21:23,46,"Nesham Street, Wapping"
94059227,120,11494,04/01/2020 18:51,451,"Hermitage Court, Wapping",04/01/2020 18:49,46,"Nesham Street, Wapping"
94037120,1020,15725,03/01/2020 15:44,717,"Dunston Road , Haggerston",03/01/2020 15:27,46,"Nesham Street, Wapping"
94019797,660,2012,02/01/2020 16:51,199,"Great Tower Street, Monument",02/01/2020 16:40,46,"Nesham Street, Wapping"
94108147,900,15284,07/01/2020 09:24,551,"Import Dock, Canary Wharf",07/01/2020 09:09,46,"Nesham Street, Wapping"
94122834,300,13477,07/01/2020 18:37,488,"Reardon Street, Wapping",07/01/2020 18:32,46,"Nesham Street, Wapping"
94014650,660,12929,02/01/2020 12:31,552,"Watney Street, Shadwell",02/01/2020 12:20,46,"Nesham Street, Wapping"
94083525,1140,186,06/01/2020 09:37,66,"Holborn Circus, Holborn",06/01/2020 09:18,46,"Nesham Street, Wapping"
94075973,1620,7268,06/01/2020 07:02,117,"Lollard Street, Vauxhall",06/01/2020 06:35,46,"Nesham Street, Wapping"
94096847,1560,15861,06/01/2020 19:38,477,"Spindrift Avenue, Millwall",06/01/2020 19:12,46,"Nesham Street, Wapping"
94100514,540,8615,07/01/2020 07:02,552,"Watney Street, Shadwell",07/01/2020 06:53,46,"Nesham Street, Wapping"
94025265,420,1647,02/01/2020 20:11,488,"Reardon Street, Wapping",02/01/2020 20:04,46,"Nesham Street, Wapping"
94024272,360,1322,02/01/2020 19:04,587,"Monument Street, Monument",02/01/2020 18:58,46,"Nesham Street, Wapping"
94016203,720,16144,02/01/2020 13:54,706,"Snowsfields, London Bridge",02/01/2020 13:42,46,"Nesham Street, Wapping"
94098096,720,16968,06/01/2020 20:30,579,"Queen Street 2, Bank",06/01/2020 20:18,46,"Nesham Street, Wapping"
94020016,540,6816,02/01/2020 16:58,453,"Garnet Street, Shadwell",02/01/2020 16:49,46,"Nesham Street, Wapping"
94092979,1680,14351,06/01/2020 18:10,358,"High Holborn , Covent Garden",06/01/2020 17:42,46,"Nesham Street, Wapping"
94114481,900,2870,07/01/2020 15:12,39,"Shoreditch High Street, Shoreditch",07/01/2020 14:57,46,"Nesham Street, Wapping"
94100516,540,8186,07/01/2020 07:02,552,"Watney Street, Shadwell",07/01/2020 06:53,46,"Nesham Street, Wapping"
94111046,420,9743,07/01/2020 11:46,552,"Watney Street, Shadwell",07/01/2020 11:39,46,"Nesham Street, Wapping"
94108972,1200,4431,07/01/2020 09:50,66,"Holborn Circus, Holborn",07/01/2020 09:30,46,"Nesham Street, Wapping"
94082785,1020,15592,06/01/2020 09:19,570,"Upper Bank Street, Canary Wharf",06/01/2020 09:02,46,"Nesham Street, Wapping"
94056842,1500,14806,04/01/2020 16:56,576,"Alpha Grove, Millwall",04/01/2020 16:31,46,"Nesham Street, Wapping"
94090439,180,13595,06/01/2020 16:46,488,"Reardon Street, Wapping",06/01/2020 16:43,46,"Nesham Street, Wapping"
94017726,1260,15181,02/01/2020 15:21,298,"Curlew Street, Shad Thames",02/01/2020 15:00,46,"Nesham Street, Wapping"
94124724,1440,5972,07/01/2020 19:44,46,"Nesham Street, Wapping",07/01/2020 19:20,46,"Nesham Street, Wapping"
94095704,600,6637,06/01/2020 18:47,282,"Royal London Hospital, Whitechapel",06/01/2020 18:37,46,"Nesham Street, Wapping"
94122832,300,11082,07/01/2020 18:37,488,"Reardon Street, Wapping",07/01/2020 18:32,46,"Nesham Street, Wapping"
94088368,3120,16057,06/01/2020 15:18,564,"Somerset House, Strand",06/01/2020 14:26,48,"Godliman Street, St. Paul's"
94120792,2880,1559,07/01/2020 18:46,671,"Parsons Green Station, Parsons Green",07/01/2020 17:58,48,"Godliman Street, St. Paul's"
94114298,4620,16102,07/01/2020 16:03,300,"Serpentine Car Park, Hyde Park",07/01/2020 14:46,48,"Godliman Street, St. Paul's"
94118442,960,11390,07/01/2020 17:38,528,"Clarges Street, Mayfair",07/01/2020 17:22,48,"Godliman Street, St. Paul's"
94116805,1200,15461,07/01/2020 17:08,291,"Claverton Street, Pimlico",07/01/2020 16:48,48,"Godliman Street, St. Paul's"
94088426,5100,7722,06/01/2020 15:54,815,"Lambeth Palace Road, Waterloo",06/01/2020 14:29,48,"Godliman Street, St. Paul's"
94060051,660,4189,04/01/2020 20:07,779,"Houndsditch, Aldgate",04/01/2020 19:56,48,"Godliman Street, St. Paul's"
94117900,900,701,07/01/2020 17:27,24,"British Museum, Bloomsbury",07/01/2020 17:12,48,"Godliman Street, St. Paul's"
94099097,1680,5851,06/01/2020 22:34,499,"Furze Green, Bow",06/01/2020 22:06,48,"Godliman Street, St. Paul's"
94085272,540,15837,06/01/2020 10:58,269,"Empire Square, The Borough",06/01/2020 10:49,48,"Godliman Street, St. Paul's"
94119767,1560,14283,07/01/2020 18:08,612,"Wandsworth Rd, Isley Court, Wandsworth Road",07/01/2020 17:42,48,"Godliman Street, St. Paul's"
94057246,3360,15662,04/01/2020 17:49,48,"Godliman Street, St. Paul's",04/01/2020 16:53,48,"Godliman Street, St. Paul's"
94114376,480,15541,07/01/2020 14:58,278,"Tooley Street, Bermondsey",07/01/2020 14:50,48,"Godliman Street, St. Paul's"
94086363,2220,9303,06/01/2020 13:00,251,"Brushfield Street, Liverpool Street",06/01/2020 12:23,48,"Godliman Street, St. Paul's"
94088032,420,16988,06/01/2020 14:11,374,"Waterloo Station 1, Waterloo",06/01/2020 14:04,48,"Godliman Street, St. Paul's"
94097194,720,16621,06/01/2020 19:40,399,"Brick Lane Market, Shoreditch",06/01/2020 19:28,48,"Godliman Street, St. Paul's"
94097790,720,4658,06/01/2020 20:10,217,"Wormwood Street, Liverpool Street",06/01/2020 19:58,48,"Godliman Street, St. Paul's"
94088392,5340,873,06/01/2020 15:56,48,"Godliman Street, St. Paul's",06/01/2020 14:27,48,"Godliman Street, St. Paul's"
94058028,1080,11137,04/01/2020 17:51,202,"Leman Street, Aldgate",04/01/2020 17:33,48,"Godliman Street, St. Paul's"
94088326,5520,8805,06/01/2020 15:55,815,"Lambeth Palace Road, Waterloo",06/01/2020 14:23,48,"Godliman Street, St. Paul's"
94061397,1020,8998,04/01/2020 22:53,46,"Nesham Street, Wapping",04/01/2020 22:36,48,"Godliman Street, St. Paul's"
94086513,720,3194,06/01/2020 12:45,338,"Wellington Street , Strand",06/01/2020 12:33,48,"Godliman Street, St. Paul's"
94122374,1080,274,07/01/2020 18:41,725,"Walworth Square, Walworth",07/01/2020 18:23,48,"Godliman Street, St. Paul's"
94054552,1020,15250,04/01/2020 15:14,12,"Malet Street, Bloomsbury",04/01/2020 14:57,48,"Godliman Street, St. Paul's"
94125112,1620,9906,07/01/2020 20:00,491,"Queen Mary's, Mile End",07/01/2020 19:33,48,"Godliman Street, St. Paul's"
94059164,1080,14956,04/01/2020 19:03,159,"Great Marlborough Street, Soho",04/01/2020 18:45,48,"Godliman Street, St. Paul's"
94088347,5580,15171,06/01/2020 15:57,48,"Godliman Street, St. Paul's",06/01/2020 14:24,48,"Godliman Street, St. Paul's"
94093660,420,14494,06/01/2020 18:02,217,"Wormwood Street, Liverpool Street",06/01/2020 17:55,48,"Godliman Street, St. Paul's"
94021001,900,14121,02/01/2020 17:33,335,"Tavistock Street, Covent Garden",02/01/2020 17:18,48,"Godliman Street, St. Paul's"
94044652,780,8263,03/01/2020 21:17,695,"Islington Green, Angel",03/01/2020 21:04,48,"Godliman Street, St. Paul's"
94025718,960,10660,02/01/2020 21:12,706,"Snowsfields, London Bridge",02/01/2020 20:56,48,"Godliman Street, St. Paul's"
94052030,600,9115,04/01/2020 13:33,273,"Belvedere Road 1, South Bank",04/01/2020 13:23,48,"Godliman Street, St. Paul's"
94088330,2940,5563,06/01/2020 15:12,174,"Strand, Strand",06/01/2020 14:23,48,"Godliman Street, St. Paul's"
94115690,900,6161,07/01/2020 16:20,702,"Durant Street, Bethnal Green",07/01/2020 16:05,48,"Godliman Street, St. Paul's"
94056193,4980,6580,04/01/2020 17:25,481,"Saunders Ness Road, Cubitt Town",04/01/2020 16:02,48,"Godliman Street, St. Paul's"
94006996,600,13696,01/01/2020 21:50,839,"Sea Containers, South Bank",01/01/2020 21:40,48,"Godliman Street, St. Paul's"
94075351,420,1491,06/01/2020 00:50,52,"Roscoe Street, St. Luke's",06/01/2020 00:43,48,"Godliman Street, St. Paul's"
94058035,1020,14789,04/01/2020 17:51,202,"Leman Street, Aldgate",04/01/2020 17:34,48,"Godliman Street, St. Paul's"
94002220,1440,7314,01/01/2020 14:33,199,"Great Tower Street, Monument",01/01/2020 14:09,48,"Godliman Street, St. Paul's"
94005349,1260,10236,01/01/2020 17:59,14,"Belgrove Street , King's Cross",01/01/2020 17:38,48,"Godliman Street, St. Paul's"
94005803,1680,10555,01/01/2020 18:59,278,"Tooley Street, Bermondsey",01/01/2020 18:31,48,"Godliman Street, St. Paul's"
94049397,1440,7678,04/01/2020 11:55,818,"Westminster Pier, Westminster",04/01/2020 11:31,48,"Godliman Street, St. Paul's"
94114299,2760,16050,07/01/2020 15:32,213,"Wellington Arch, Hyde Park",07/01/2020 14:46,48,"Godliman Street, St. Paul's"
94103989,780,8006,07/01/2020 08:28,41,"Pindar Street, Liverpool Street",07/01/2020 08:15,48,"Godliman Street, St. Paul's"
94006640,2520,6650,01/01/2020 21:15,524,"Lancaster Gate , Bayswater",01/01/2020 20:33,48,"Godliman Street, St. Paul's"
94124527,1020,9539,07/01/2020 19:30,94,"Bricklayers Arms, Borough",07/01/2020 19:13,48,"Godliman Street, St. Paul's"
94056581,1020,10577,04/01/2020 16:36,230,"Poured Lines, Bankside",04/01/2020 16:19,48,"Godliman Street, St. Paul's"
94056999,1440,16118,04/01/2020 17:03,278,"Tooley Street, Bermondsey",04/01/2020 16:39,48,"Godliman Street, St. Paul's"
94099004,960,3531,06/01/2020 22:11,387,"Fire Brigade Pier, Vauxhall",06/01/2020 21:55,48,"Godliman Street, St. Paul's"
94024263,1380,8842,02/01/2020 19:20,130,"Tower Gardens , Tower",02/01/2020 18:57,48,"Godliman Street, St. Paul's"
94024274,1320,8586,02/01/2020 19:20,130,"Tower Gardens , Tower",02/01/2020 18:58,48,"Godliman Street, St. Paul's"
94036814,6060,12149,03/01/2020 16:54,252,"Jubilee Gardens, South Bank",03/01/2020 15:13,48,"Godliman Street, St. Paul's"
94006794,900,126,01/01/2020 21:15,109,"Soho Square , Soho",01/01/2020 21:00,48,"Godliman Street, St. Paul's"
94056204,4980,4632,04/01/2020 17:25,481,"Saunders Ness Road, Cubitt Town",04/01/2020 16:02,48,"Godliman Street, St. Paul's"
93996933,2700,5117,01/01/2020 01:48,167,"Eccleston Place, Victoria",01/01/2020 01:03,48,"Godliman Street, St. Paul's"
94088307,5700,9704,06/01/2020 15:57,48,"Godliman Street, St. Paul's",06/01/2020 14:22,48,"Godliman Street, St. Paul's"
94005347,1260,13799,01/01/2020 17:59,14,"Belgrove Street , King's Cross",01/01/2020 17:38,48,"Godliman Street, St. Paul's"
94031939,1860,6162,03/01/2020 11:03,457,"Castlehaven Road, Camden Town",03/01/2020 10:32,48,"Godliman Street, St. Paul's"
94119216,840,7440,07/01/2020 17:49,486,"Granby Street, Shoreditch",07/01/2020 17:35,48,"Godliman Street, St. Paul's"
94020937,1020,5930,02/01/2020 17:33,335,"Tavistock Street, Covent Garden",02/01/2020 17:16,48,"Godliman Street, St. Paul's"
94120316,480,15092,07/01/2020 17:59,217,"Wormwood Street, Liverpool Street",07/01/2020 17:51,48,"Godliman Street, St. Paul's"
94036836,5940,13875,03/01/2020 16:54,252,"Jubilee Gardens, South Bank",03/01/2020 15:15,48,"Godliman Street, St. Paul's"
94021934,660,13372,02/01/2020 17:52,18,"Drury Lane, Covent Garden",02/01/2020 17:41,48,"Godliman Street, St. Paul's"
94025717,960,16251,02/01/2020 21:12,706,"Snowsfields, London Bridge",02/01/2020 20:56,48,"Godliman Street, St. Paul's"
94057000,1380,16784,04/01/2020 17:03,278,"Tooley Street, Bermondsey",04/01/2020 16:40,48,"Godliman Street, St. Paul's"
94006998,600,12092,01/01/2020 21:50,839,"Sea Containers, South Bank",01/01/2020 21:40,48,"Godliman Street, St. Paul's"
94061395,1080,13696,04/01/2020 22:53,46,"Nesham Street, Wapping",04/01/2020 22:35,48,"Godliman Street, St. Paul's"
94001428,1260,3647,01/01/2020 13:37,204,"Margery Street, Clerkenwell",01/01/2020 13:16,48,"Godliman Street, St. Paul's"
94033236,960,1552,03/01/2020 12:24,320,"Queen Mother Sports Centre, Victoria",03/01/2020 12:08,48,"Godliman Street, St. Paul's"
94036821,6000,6546,03/01/2020 16:54,252,"Jubilee Gardens, South Bank",03/01/2020 15:14,48,"Godliman Street, St. Paul's"
94031538,480,12698,03/01/2020 10:04,140,"Finsbury Square , Moorgate",03/01/2020 09:56,48,"Godliman Street, St. Paul's"
94041686,300,951,03/01/2020 18:05,217,"Wormwood Street, Liverpool Street",03/01/2020 18:00,48,"Godliman Street, St. Paul's"
94072214,900,6766,05/01/2020 17:27,818,"Westminster Pier, Westminster",05/01/2020 17:12,48,"Godliman Street, St. Paul's"
94005805,1620,10527,01/01/2020 18:59,278,"Tooley Street, Bermondsey",01/01/2020 18:32,48,"Godliman Street, St. Paul's"
94099002,1020,8647,06/01/2020 22:12,387,"Fire Brigade Pier, Vauxhall",06/01/2020 21:55,48,"Godliman Street, St. Paul's"
94031941,1860,15191,03/01/2020 11:03,457,"Castlehaven Road, Camden Town",03/01/2020 10:32,48,"Godliman Street, St. Paul's"
94073613,1020,4684,05/01/2020 19:21,282,"Royal London Hospital, Whitechapel",05/01/2020 19:04,48,"Godliman Street, St. Paul's"
94002325,2100,16014,01/01/2020 14:50,641,"Archbishop's Park, Waterloo",01/01/2020 14:15,48,"Godliman Street, St. Paul's"
94114300,4680,9362,07/01/2020 16:04,300,"Serpentine Car Park, Hyde Park",07/01/2020 14:46,48,"Godliman Street, St. Paul's"
94036840,5940,4910,03/01/2020 16:54,252,"Jubilee Gardens, South Bank",03/01/2020 15:15,48,"Godliman Street, St. Paul's"
94002315,2160,4307,01/01/2020 14:50,641,"Archbishop's Park, Waterloo",01/01/2020 14:14,48,"Godliman Street, St. Paul's"
94068562,960,13157,05/01/2020 14:26,278,"Tooley Street, Bermondsey",05/01/2020 14:10,48,"Godliman Street, St. Paul's"
94000008,1020,6153,01/01/2020 11:52,64,"William IV Street, Strand",01/01/2020 11:35,48,"Godliman Street, St. Paul's"
94052310,1140,10994,04/01/2020 13:53,233,"Pall Mall East, West End",04/01/2020 13:34,48,"Godliman Street, St. Paul's"
94090616,960,15171,06/01/2020 17:05,25,"Doric Way , Somers Town",06/01/2020 16:49,48,"Godliman Street, St. Paul's"
93997890,1140,8175,01/01/2020 02:44,58,"New Inn Yard, Shoreditch",01/01/2020 02:25,48,"Godliman Street, St. Paul's"
94024270,1380,2723,02/01/2020 19:21,130,"Tower Gardens , Tower",02/01/2020 18:58,48,"Godliman Street, St. Paul's"
94027575,1440,13208,03/01/2020 07:34,570,"Upper Bank Street, Canary Wharf",03/01/2020 07:10,48,"Godliman Street, St. Paul's"
94070026,900,15337,05/01/2020 15:31,818,"Westminster Pier, Westminster",05/01/2020 15:16,48,"Godliman Street, St. Paul's"
94024257,1380,8725,02/01/2020 19:20,130,"Tower Gardens , Tower",02/01/2020 18:57,48,"Godliman Street, St. Paul's"
94070021,900,15108,05/01/2020 15:31,818,"Westminster Pier, Westminster",05/01/2020 15:16,48,"Godliman Street, St. Paul's"
94001429,1260,16444,01/01/2020 13:37,204,"Margery Street, Clerkenwell",01/01/2020 13:16,48,"Godliman Street, St. Paul's"
94064614,420,5333,05/01/2020 11:03,278,"Tooley Street, Bermondsey",05/01/2020 10:56,48,"Godliman Street, St. Paul's"
94020945,960,12581,02/01/2020 17:33,335,"Tavistock Street, Covent Garden",02/01/2020 17:17,48,"Godliman Street, St. Paul's"
94056580,1020,3643,04/01/2020 16:36,230,"Poured Lines, Bankside",04/01/2020 16:19,48,"Godliman Street, St. Paul's"
94022826,1440,8597,02/01/2020 18:28,612,"Wandsworth Rd, Isley Court, Wandsworth Road",02/01/2020 18:04,48,"Godliman Street, St. Paul's"
94065970,240,1329,05/01/2020 12:16,71,"Newgate Street , St. Paul's",05/01/2020 12:12,48,"Godliman Street, St. Paul's"
94070993,540,1136,05/01/2020 16:14,66,"Holborn Circus, Holborn",05/01/2020 16:05,48,"Godliman Street, St. Paul's"
94049394,1440,10220,04/01/2020 11:55,818,"Westminster Pier, Westminster",04/01/2020 11:31,48,"Godliman Street, St. Paul's"
93997889,1140,16731,01/01/2020 02:44,58,"New Inn Yard, Shoreditch",01/01/2020 02:25,48,"Godliman Street, St. Paul's"
94052038,600,5476,04/01/2020 13:33,819,"Belvedere Road 2, South Bank",04/01/2020 13:23,48,"Godliman Street, St. Paul's"
94002546,2340,15193,01/01/2020 15:07,68,"Theobald's Road , Holborn",01/01/2020 14:28,48,"Godliman Street, St. Paul's"
94059160,1080,15662,04/01/2020 19:03,159,"Great Marlborough Street, Soho",04/01/2020 18:45,48,"Godliman Street, St. Paul's"
94088425,5220,14490,06/01/2020 15:56,48,"Godliman Street, St. Paul's",06/01/2020 14:29,48,"Godliman Street, St. Paul's"
94062559,8760,440,05/01/2020 06:30,766,"Ram Street, Wandsworth",05/01/2020 04:04,48,"Godliman Street, St. Paul's"
94087021,240,412,06/01/2020 13:07,217,"Wormwood Street, Liverpool Street",06/01/2020 13:03,48,"Godliman Street, St. Paul's"
93996104,1560,14287,01/01/2020 00:47,174,"Strand, Strand",01/01/2020 00:21,48,"Godliman Street, St. Paul's"
94088365,3600,1803,06/01/2020 15:26,354,"Northumberland Avenue, Strand",06/01/2020 14:26,48,"Godliman Street, St. Paul's"
93996095,1920,299,01/01/2020 00:52,594,"Kingsway Southbound, Strand",01/01/2020 00:20,48,"Godliman Street, St. Paul's"
94105831,420,16912,07/01/2020 08:45,215,"Moorfields, Moorgate",07/01/2020 08:38,48,"Godliman Street, St. Paul's"
94085570,1980,16988,06/01/2020 11:53,48,"Godliman Street, St. Paul's",06/01/2020 11:20,48,"Godliman Street, St. Paul's"
94049413,1020,4803,04/01/2020 11:49,335,"Tavistock Street, Covent Garden",04/01/2020 11:32,48,"Godliman Street, St. Paul's"
94057001,1380,13401,04/01/2020 17:03,278,"Tooley Street, Bermondsey",04/01/2020 16:40,48,"Godliman Street, St. Paul's"
94064032,1020,5607,05/01/2020 10:36,192,"Wardour Street, Soho",05/01/2020 10:19,48,"Godliman Street, St. Paul's"
93996067,1680,2347,01/01/2020 00:46,284,"Lambeth North Station, Waterloo",01/01/2020 00:18,48,"Godliman Street, St. Paul's"
94036815,6000,16598,03/01/2020 16:54,252,"Jubilee Gardens, South Bank",03/01/2020 15:14,48,"Godliman Street, St. Paul's"
94036822,6000,10950,03/01/2020 16:54,252,"Jubilee Gardens, South Bank",03/01/2020 15:14,48,"Godliman Street, St. Paul's"
93996066,1980,5371,01/01/2020 00:51,284,"Lambeth North Station, Waterloo",01/01/2020 00:18,48,"Godliman Street, St. Paul's"
94057005,1440,3327,04/01/2020 17:04,278,"Tooley Street, Bermondsey",04/01/2020 16:40,48,"Godliman Street, St. Paul's"
94015010,840,16028,02/01/2020 12:55,104,"Crosswall, Tower",02/01/2020 12:41,48,"Godliman Street, St. Paul's"
93996101,1620,14952,01/01/2020 00:47,174,"Strand, Strand",01/01/2020 00:20,48,"Godliman Street, St. Paul's"
94015004,840,10815,02/01/2020 12:55,104,"Crosswall, Tower",02/01/2020 12:41,48,"Godliman Street, St. Paul's"
94064567,780,14550,05/01/2020 11:06,839,"Sea Containers, South Bank",05/01/2020 10:53,50,"East Road, Hoxton"
94075710,180,5604,06/01/2020 06:09,465,"Pitfield Street North,Hoxton",06/01/2020 06:06,50,"East Road, Hoxton"
94050532,1500,10133,04/01/2020 12:47,787,"Timber Lodge, Queen Elizabeth Olympic Park",04/01/2020 12:22,50,"East Road, Hoxton"
93997360,660,2363,01/01/2020 01:42,698,"Shoreditch Court, Haggerston",01/01/2020 01:31,50,"East Road, Hoxton"
94066221,5460,4678,05/01/2020 13:53,47,"Warwick Avenue Station, Maida Vale",05/01/2020 12:22,50,"East Road, Hoxton"
94105950,1740,12374,07/01/2020 09:09,510,"Westferry DLR, Limehouse",07/01/2020 08:40,50,"East Road, Hoxton"
94035755,2400,3793,03/01/2020 15:01,31,"Fanshaw Street, Hoxton",03/01/2020 14:21,50,"East Road, Hoxton"
94074943,240,14403,05/01/2020 22:25,401,"Columbia Road, Shoreditch",05/01/2020 22:21,50,"East Road, Hoxton"
94048484,780,9108,04/01/2020 10:53,577,"Globe Town Market, Bethnal Green",04/01/2020 10:40,50,"East Road, Hoxton"
94066320,720,5015,05/01/2020 12:39,577,"Globe Town Market, Bethnal Green",05/01/2020 12:27,50,"East Road, Hoxton"
93997368,660,11168,01/01/2020 01:42,698,"Shoreditch Court, Haggerston",01/01/2020 01:31,50,"East Road, Hoxton"
94059287,840,2764,04/01/2020 19:09,553,"Regent's Row , Haggerston ",04/01/2020 18:55,50,"East Road, Hoxton"
94050888,2040,9024,04/01/2020 13:10,486,"Granby Street, Shoreditch",04/01/2020 12:36,50,"East Road, Hoxton"
94033378,720,9942,03/01/2020 12:30,202,"Leman Street, Aldgate",03/01/2020 12:18,50,"East Road, Hoxton"
94066222,5460,5266,05/01/2020 13:53,47,"Warwick Avenue Station, Maida Vale",05/01/2020 12:22,50,"East Road, Hoxton"
94031515,480,14615,03/01/2020 10:02,42,"Wenlock Road , Hoxton",03/01/2020 09:54,50,"East Road, Hoxton"
94049578,300,381,04/01/2020 11:44,574,"Eagle Wharf Road, Hoxton",04/01/2020 11:39,50,"East Road, Hoxton"
94071403,240,11232,05/01/2020 16:29,465,"Pitfield Street North,Hoxton",05/01/2020 16:25,50,"East Road, Hoxton"
94072758,300,176,05/01/2020 17:57,52,"Roscoe Street, St. Luke's",05/01/2020 17:52,50,"East Road, Hoxton"
94026955,180,10282,03/01/2020 00:58,465,"Pitfield Street North,Hoxton",03/01/2020 00:55,50,"East Road, Hoxton"
94003713,1080,10558,01/01/2020 15:56,234,"Liverpool Road (N1 Centre), Angel",01/01/2020 15:38,50,"East Road, Hoxton"
94036963,240,13239,03/01/2020 15:24,465,"Pitfield Street North,Hoxton",03/01/2020 15:20,50,"East Road, Hoxton"
94046155,300,12389,04/01/2020 01:42,465,"Pitfield Street North,Hoxton",04/01/2020 01:37,50,"East Road, Hoxton"
94066298,780,14860,05/01/2020 12:39,399,"Brick Lane Market, Shoreditch",05/01/2020 12:26,50,"East Road, Hoxton"
94098510,1560,5778,06/01/2020 21:18,692,"Cadogan Close, Victoria Park",06/01/2020 20:52,50,"East Road, Hoxton"
94006163,1500,10201,01/01/2020 19:41,39,"Shoreditch High Street, Shoreditch",01/01/2020 19:16,50,"East Road, Hoxton"
94025378,840,11942,02/01/2020 20:29,503,"Cleveland Way, Stepney",02/01/2020 20:15,50,"East Road, Hoxton"
94032326,360,5304,03/01/2020 11:10,246,"Berry Street, Clerkenwell",03/01/2020 11:04,50,"East Road, Hoxton"
94047661,2280,15061,04/01/2020 10:27,278,"Tooley Street, Bermondsey",04/01/2020 09:49,50,"East Road, Hoxton"
94093530,360,3470,06/01/2020 17:58,463,"Thurtle road, Haggerston",06/01/2020 17:52,50,"East Road, Hoxton"
94098821,480,16176,06/01/2020 21:36,699,"Belford House, Haggerston",06/01/2020 21:28,50,"East Road, Hoxton"
94031516,420,11385,03/01/2020 10:02,42,"Wenlock Road , Hoxton",03/01/2020 09:55,50,"East Road, Hoxton"
94047664,2220,4450,04/01/2020 10:26,278,"Tooley Street, Bermondsey",04/01/2020 09:49,50,"East Road, Hoxton"
94120734,600,9764,07/01/2020 18:07,485,"Old Ford Road, Bethnal Green",07/01/2020 17:57,50,"East Road, Hoxton"
94040414,900,4821,03/01/2020 17:40,577,"Globe Town Market, Bethnal Green",03/01/2020 17:25,50,"East Road, Hoxton"
94127044,480,8815,07/01/2020 21:54,749,"Haggerston Road, Haggerston",07/01/2020 21:46,50,"East Road, Hoxton"
94078717,540,13094,06/01/2020 08:13,557,"King Edward Street, St Pauls",06/01/2020 08:04,50,"East Road, Hoxton"
94111311,300,854,07/01/2020 12:02,3,"Christopher Street, Liverpool Street",07/01/2020 11:57,50,"East Road, Hoxton"
94059282,900,5503,04/01/2020 19:10,553,"Regent's Row , Haggerston ",04/01/2020 18:55,50,"East Road, Hoxton"
94082761,60,14222,06/01/2020 09:03,50,"East Road, Hoxton",06/01/2020 09:02,50,"East Road, Hoxton"
94108755,1260,3858,07/01/2020 09:45,184,"Portland Place, Marylebone",07/01/2020 09:24,50,"East Road, Hoxton"
94082854,360,3864,06/01/2020 09:10,215,"Moorfields, Moorgate",06/01/2020 09:04,50,"East Road, Hoxton"
94013844,3660,15588,02/01/2020 12:33,40,"Commercial Street, Shoreditch",02/01/2020 11:32,50,"East Road, Hoxton"
94025320,1680,4349,02/01/2020 20:38,518,"Antill Road, Mile End",02/01/2020 20:10,50,"East Road, Hoxton"
94099648,360,13480,07/01/2020 00:44,569,"Pitfield Street Central, Hoxton",07/01/2020 00:38,50,"East Road, Hoxton"
94110568,1560,8471,07/01/2020 11:24,324,"Ontario Street, Elephant & Castle",07/01/2020 10:58,50,"East Road, Hoxton"
94089998,1500,10579,06/01/2020 16:46,45,"Boston Place, Marylebone",06/01/2020 16:21,50,"East Road, Hoxton"
94109559,1980,11891,07/01/2020 10:24,259,"Bourne Street, Belgravia",07/01/2020 09:51,50,"East Road, Hoxton"
94081852,1020,14599,06/01/2020 09:05,839,"Sea Containers, South Bank",06/01/2020 08:48,50,"East Road, Hoxton"
94109450,720,8172,07/01/2020 09:59,803,"Southwark Street, Bankside",07/01/2020 09:47,50,"East Road, Hoxton"
94106258,1020,14821,07/01/2020 09:00,594,"Kingsway Southbound, Strand",07/01/2020 08:43,63,"Murray Grove , Hoxton"
94111388,540,11520,07/01/2020 12:11,246,"Berry Street, Clerkenwell",07/01/2020 12:02,63,"Murray Grove , Hoxton"
94088616,360,9906,06/01/2020 14:50,96,"Falkirk Street, Hoxton",06/01/2020 14:44,63,"Murray Grove , Hoxton"
94105189,720,16234,07/01/2020 08:43,703,"St. Bride Street, Holborn",07/01/2020 08:31,63,"Murray Grove , Hoxton"
94024025,420,13290,02/01/2020 18:54,140,"Finsbury Square , Moorgate",02/01/2020 18:47,63,"Murray Grove , Hoxton"
94107492,360,11483,07/01/2020 09:05,135,"Clerkenwell Green, Clerkenwell",07/01/2020 08:59,63,"Murray Grove , Hoxton"
94075480,300,8143,06/01/2020 02:45,544,"Percival Street, Finsbury",06/01/2020 02:40,63,"Murray Grove , Hoxton"
94106062,300,4666,07/01/2020 08:46,96,"Falkirk Street, Hoxton",07/01/2020 08:41,63,"Murray Grove , Hoxton"
94045294,2280,12361,03/01/2020 23:02,224,"Queensway, Westminster",03/01/2020 22:24,63,"Murray Grove , Hoxton"
94006067,300,8581,01/01/2020 19:10,544,"Percival Street, Finsbury",01/01/2020 19:05,63,"Murray Grove , Hoxton"
94042009,840,936,03/01/2020 18:24,798,"Birkenhead Street, King's Cross",03/01/2020 18:10,63,"Murray Grove , Hoxton"
94068908,540,13197,05/01/2020 14:35,533,"Wellington Row, Bethnal Green",05/01/2020 14:26,63,"Murray Grove , Hoxton"
94029000,960,5535,03/01/2020 08:40,256,"Houghton Street, Strand",03/01/2020 08:24,63,"Murray Grove , Hoxton"
94117933,420,8538,07/01/2020 17:20,699,"Belford House, Haggerston",07/01/2020 17:13,63,"Murray Grove , Hoxton"
94015258,360,10208,02/01/2020 12:59,75,"Torrens Street, Angel",02/01/2020 12:53,63,"Murray Grove , Hoxton"
93998143,660,16712,01/01/2020 03:13,697,"Charlotte Terrace, Angel",01/01/2020 03:02,63,"Murray Grove , Hoxton"
94051510,300,15225,04/01/2020 13:06,73,"Old Street Station, St. Luke's",04/01/2020 13:01,63,"Murray Grove , Hoxton"
94031479,420,11308,03/01/2020 09:59,119,"Bath Street, St. Luke's",03/01/2020 09:52,63,"Murray Grove , Hoxton"
94095660,180,3195,06/01/2020 18:39,96,"Falkirk Street, Hoxton",06/01/2020 18:36,63,"Murray Grove , Hoxton"
93998076,3660,7585,01/01/2020 03:52,319,"Baldwin Street, St. Luke's",01/01/2020 02:51,63,"Murray Grove , Hoxton"
94116140,780,13929,07/01/2020 16:37,63,"Murray Grove , Hoxton",07/01/2020 16:24,63,"Murray Grove , Hoxton"
94070929,480,3394,05/01/2020 16:11,351,"Macclesfield Rd, St Lukes",05/01/2020 16:03,63,"Murray Grove , Hoxton"
94065723,1380,16462,05/01/2020 12:20,495,"Bow Church Station, Bow",05/01/2020 11:57,63,"Murray Grove , Hoxton"
94075029,1440,4960,05/01/2020 23:08,478,"Stepney Green Station, Stepney",05/01/2020 22:44,63,"Murray Grove , Hoxton"
94047105,840,16133,04/01/2020 09:12,14,"Belgrove Street , King's Cross",04/01/2020 08:58,63,"Murray Grove , Hoxton"
94018709,960,11306,02/01/2020 16:11,67,"Hatton Garden, Holborn",02/01/2020 15:55,63,"Murray Grove , Hoxton"
94067966,300,12257,05/01/2020 13:49,73,"Old Street Station, St. Luke's",05/01/2020 13:44,63,"Murray Grove , Hoxton"
93998081,3600,8715,01/01/2020 03:52,319,"Baldwin Street, St. Luke's",01/01/2020 02:52,63,"Murray Grove , Hoxton"
94013474,720,2247,02/01/2020 11:19,234,"Liverpool Road (N1 Centre), Angel",02/01/2020 11:07,63,"Murray Grove , Hoxton"
94045882,240,176,04/01/2020 00:16,465,"Pitfield Street North,Hoxton",04/01/2020 00:12,63,"Murray Grove , Hoxton"
94088195,420,3025,06/01/2020 14:22,699,"Belford House, Haggerston",06/01/2020 14:15,63,"Murray Grove , Hoxton"
94082958,300,12109,06/01/2020 09:11,40,"Commercial Street, Shoreditch",06/01/2020 09:06,63,"Murray Grove , Hoxton"
94039136,300,936,03/01/2020 16:56,63,"Murray Grove , Hoxton",03/01/2020 16:51,63,"Murray Grove , Hoxton"
93998071,3660,1634,01/01/2020 03:52,319,"Baldwin Street, St. Luke's",01/01/2020 02:51,63,"Murray Grove , Hoxton"
94106601,1140,4003,07/01/2020 09:06,347,"Lower Marsh, Waterloo",07/01/2020 08:47,63,"Murray Grove , Hoxton"
93998630,300,13175,01/01/2020 05:07,544,"Percival Street, Finsbury",01/01/2020 05:02,63,"Murray Grove , Hoxton"
94072563,660,16711,05/01/2020 17:47,40,"Commercial Street, Shoreditch",05/01/2020 17:36,63,"Murray Grove , Hoxton"
94028568,780,1620,03/01/2020 08:22,796,"Coram Street, Bloomsbury",03/01/2020 08:09,63,"Murray Grove , Hoxton"
94046809,300,615,04/01/2020 08:28,88,"Bayley Street , Bloomsbury",04/01/2020 08:23,65,"Gower Place , Euston"
94072653,420,12784,05/01/2020 17:51,204,"Margery Street, Clerkenwell",05/01/2020 17:44,65,"Gower Place , Euston"
94044412,660,8096,03/01/2020 20:46,247,"St. John's Wood Church, The Regent's Park",03/01/2020 20:35,65,"Gower Place , Euston"
94074310,1320,10950,05/01/2020 20:52,290,"St Mary's Hospital, Westminster",05/01/2020 20:30,65,"Gower Place , Euston"
94050089,300,1174,04/01/2020 12:07,57,"Guilford Street , Bloomsbury",04/01/2020 12:02,65,"Gower Place , Euston"
94013224,540,5125,02/01/2020 10:59,358,"High Holborn , Covent Garden",02/01/2020 10:50,65,"Gower Place , Euston"
94021626,480,4417,02/01/2020 17:42,358,"High Holborn , Covent Garden",02/01/2020 17:34,65,"Gower Place , Euston"
94001047,1980,11043,01/01/2020 13:23,432,"Exhibition Road Museums, South Kensington",01/01/2020 12:50,65,"Gower Place , Euston"
94113500,120,10737,07/01/2020 13:59,19,"Taviton Street, Bloomsbury",07/01/2020 13:57,65,"Gower Place , Euston"
94113757,1200,8515,07/01/2020 14:34,94,"Bricklayers Arms, Borough",07/01/2020 14:14,65,"Gower Place , Euston"
93998746,1320,16315,01/01/2020 06:16,178,"Warwick Square, Pimlico",01/01/2020 05:54,65,"Gower Place , Euston"
94003493,1620,7480,01/01/2020 15:52,486,"Granby Street, Shoreditch",01/01/2020 15:25,65,"Gower Place , Euston"
94061334,1680,50,04/01/2020 22:55,238,"Frampton Street, Paddington",04/01/2020 22:27,65,"Gower Place , Euston"
94087520,720,3473,06/01/2020 13:46,247,"St. John's Wood Church, The Regent's Park",06/01/2020 13:34,65,"Gower Place , Euston"
94032062,660,16878,03/01/2020 10:52,4,"St. Chad's Street, King's Cross",03/01/2020 10:41,65,"Gower Place , Euston"
94046131,1500,12149,04/01/2020 01:48,713,"Hawley Crescent, Camden Town",04/01/2020 01:23,65,"Gower Place , Euston"
94042386,960,15126,03/01/2020 18:39,433,"Wren Street, Holborn",03/01/2020 18:23,65,"Gower Place , Euston"
94097273,1200,14625,06/01/2020 19:51,94,"Bricklayers Arms, Borough",06/01/2020 19:31,65,"Gower Place , Euston"
94046130,1500,362,04/01/2020 01:48,713,"Hawley Crescent, Camden Town",04/01/2020 01:23,65,"Gower Place , Euston"
94049497,420,16148,04/01/2020 11:43,114,"Park Road (Baker Street), The Regent's Park",04/01/2020 11:36,65,"Gower Place , Euston"
94015454,840,3594,02/01/2020 13:16,107,"Finsbury Leisure Centre, St. Luke's",02/01/2020 13:02,65,"Gower Place , Euston"
94021629,480,6800,02/01/2020 17:42,358,"High Holborn , Covent Garden",02/01/2020 17:34,65,"Gower Place , Euston"
94025856,600,13372,02/01/2020 21:22,45,"Boston Place, Marylebone",02/01/2020 21:12,65,"Gower Place , Euston"
94054459,1620,1295,04/01/2020 15:22,577,"Globe Town Market, Bethnal Green",04/01/2020 14:55,65,"Gower Place , Euston"
94013737,660,16910,02/01/2020 11:36,572,"Greenland Road, Camden Town",02/01/2020 11:25,65,"Gower Place , Euston"
94024826,420,12368,02/01/2020 19:38,114,"Park Road (Baker Street), The Regent's Park",02/01/2020 19:31,65,"Gower Place , Euston"
94019230,1140,2939,02/01/2020 16:35,65,"Gower Place , Euston",02/01/2020 16:16,65,"Gower Place , Euston"
94109334,540,12054,07/01/2020 09:51,362,"Royal College Street, Camden Town",07/01/2020 09:42,65,"Gower Place , Euston"
94099045,480,2769,06/01/2020 22:07,17,"Hatton Wall, Holborn",06/01/2020 21:59,65,"Gower Place , Euston"
94113420,660,15020,07/01/2020 14:03,247,"St. John's Wood Church, The Regent's Park",07/01/2020 13:52,65,"Gower Place , Euston"
94116267,540,14730,07/01/2020 16:39,242,"Beaumont Street, Marylebone",07/01/2020 16:30,65,"Gower Place , Euston"
94124875,180,10626,07/01/2020 19:28,125,"Borough High Street, The Borough",07/01/2020 19:25,80,"Webber Street , Southwark"
94089203,360,3027,06/01/2020 15:33,61,"Great Dover Street, The Borough",06/01/2020 15:27,80,"Webber Street , Southwark"
94083557,720,13695,06/01/2020 09:31,199,"Great Tower Street, Monument",06/01/2020 09:19,80,"Webber Street , Southwark"
94026250,300,1654,02/01/2020 22:12,61,"Great Dover Street, The Borough",02/01/2020 22:07,80,"Webber Street , Southwark"
94116621,780,15768,07/01/2020 16:55,199,"Great Tower Street, Monument",07/01/2020 16:42,80,"Webber Street , Southwark"
94053703,300,8805,04/01/2020 14:32,801,"Lavington Street, Bankside",04/01/2020 14:27,80,"Webber Street , Southwark"
94093739,1500,4312,06/01/2020 18:21,39,"Shoreditch High Street, Shoreditch",06/01/2020 17:56,80,"Webber Street , Southwark"
94093734,1500,11043,06/01/2020 18:21,39,"Shoreditch High Street, Shoreditch",06/01/2020 17:56,80,"Webber Street , Southwark"
94076585,240,16915,06/01/2020 07:14,173,"Waterloo Road, South Bank",06/01/2020 07:10,80,"Webber Street , Southwark"
94061636,600,6525,04/01/2020 23:18,308,"Long Lane , Bermondsey",04/01/2020 23:08,80,"Webber Street , Southwark"
94078362,960,13781,06/01/2020 08:14,751,"Newton Street, Covent Garden",06/01/2020 07:58,80,"Webber Street , Southwark"
94006328,420,16240,01/01/2020 19:48,61,"Great Dover Street, The Borough",01/01/2020 19:41,80,"Webber Street , Southwark"
94078319,1080,14722,06/01/2020 08:15,162,"Southampton Place, Holborn",06/01/2020 07:57,80,"Webber Street , Southwark"
94000992,1980,14124,01/01/2020 13:18,641,"Archbishop's Park, Waterloo",01/01/2020 12:45,80,"Webber Street , Southwark"
94006010,780,15508,01/01/2020 19:11,80,"Webber Street , Southwark",01/01/2020 18:58,80,"Webber Street , Southwark"
94118986,720,14506,07/01/2020 17:44,55,"Finsbury Circus, Liverpool Street",07/01/2020 17:32,80,"Webber Street , Southwark"
94089594,300,2254,06/01/2020 15:59,194,"Hop Exchange, The Borough",06/01/2020 15:54,80,"Webber Street , Southwark"
94024499,120,7836,02/01/2020 19:12,125,"Borough High Street, The Borough",02/01/2020 19:10,80,"Webber Street , Southwark"
94005724,840,14650,01/01/2020 18:37,140,"Finsbury Square , Moorgate",01/01/2020 18:23,80,"Webber Street , Southwark"
94046723,300,15198,04/01/2020 08:11,194,"Hop Exchange, The Borough",04/01/2020 08:06,80,"Webber Street , Southwark"
94043493,180,8318,03/01/2020 19:23,125,"Borough High Street, The Borough",03/01/2020 19:20,80,"Webber Street , Southwark"
94124932,360,9017,07/01/2020 19:33,61,"Great Dover Street, The Borough",07/01/2020 19:27,80,"Webber Street , Southwark"
94002904,60,16714,01/01/2020 14:51,80,"Webber Street , Southwark",01/01/2020 14:50,80,"Webber Street , Southwark"
94126168,900,6562,07/01/2020 20:42,676,"Hartington Road, Stockwell",07/01/2020 20:27,80,"Webber Street , Southwark"
94043998,2280,8009,03/01/2020 20:36,199,"Great Tower Street, Monument",03/01/2020 19:58,80,"Webber Street , Southwark"
94065587,2640,16465,05/01/2020 12:34,785,"Aquatic Centre, Queen Elizabeth Olympic Park",05/01/2020 11:50,80,"Webber Street , Southwark"
94043986,2280,15353,03/01/2020 20:36,199,"Great Tower Street, Monument",03/01/2020 19:58,80,"Webber Street , Southwark"
94035506,480,17034,03/01/2020 14:17,810,"Tate Modern, Bankside",03/01/2020 14:09,80,"Webber Street , Southwark"
94000988,1320,6410,01/01/2020 13:07,815,"Lambeth Palace Road, Waterloo",01/01/2020 12:45,80,"Webber Street , Southwark"
94071357,300,15886,05/01/2020 16:27,347,"Lower Marsh, Waterloo",05/01/2020 16:22,80,"Webber Street , Southwark"
94065241,1080,16761,05/01/2020 11:49,819,"Belvedere Road 2, South Bank",05/01/2020 11:31,80,"Webber Street , Southwark"
94073366,780,12640,05/01/2020 18:52,246,"Berry Street, Clerkenwell",05/01/2020 18:39,80,"Webber Street , Southwark"
94030256,600,2694,03/01/2020 09:07,18,"Drury Lane, Covent Garden",03/01/2020 08:57,80,"Webber Street , Southwark"
93998096,300,7123,01/01/2020 03:00,94,"Bricklayers Arms, Borough",01/01/2020 02:55,80,"Webber Street , Southwark"
94001144,6600,15810,01/01/2020 14:47,80,"Webber Street , Southwark",01/01/2020 12:57,80,"Webber Street , Southwark"
93996456,420,7044,01/01/2020 00:45,61,"Great Dover Street, The Borough",01/01/2020 00:38,80,"Webber Street , Southwark"
93996436,540,9274,01/01/2020 00:46,61,"Great Dover Street, The Borough",01/01/2020 00:37,80,"Webber Street , Southwark"
94052034,480,13148,04/01/2020 13:31,194,"Hop Exchange, The Borough",04/01/2020 13:23,80,"Webber Street , Southwark"
94037217,180,8043,03/01/2020 15:35,125,"Borough High Street, The Borough",03/01/2020 15:32,80,"Webber Street , Southwark"
94065226,1140,15230,05/01/2020 11:49,819,"Belvedere Road 2, South Bank",05/01/2020 11:30,80,"Webber Street , Southwark"
93998485,840,12523,01/01/2020 04:28,185,"Alderney Street, Pimlico",01/01/2020 04:14,80,"Webber Street , Southwark"
94051991,600,5178,04/01/2020 13:31,194,"Hop Exchange, The Borough",04/01/2020 13:21,80,"Webber Street , Southwark"
93999338,960,16714,01/01/2020 10:31,80,"Webber Street , Southwark",01/01/2020 10:15,80,"Webber Street , Southwark"
94062434,1260,4597,05/01/2020 02:40,449,"Shadwell Station, Shadwell",05/01/2020 02:19,80,"Webber Street , Southwark"
94062436,1260,5442,05/01/2020 02:40,449,"Shadwell Station, Shadwell",05/01/2020 02:19,80,"Webber Street , Southwark"
94008505,240,16714,02/01/2020 07:15,173,"Waterloo Road, South Bank",02/01/2020 07:11,80,"Webber Street , Southwark"
94031265,1560,12029,03/01/2020 10:05,73,"Old Street Station, St. Luke's",03/01/2020 09:39,80,"Webber Street , Southwark"
94053697,360,14018,04/01/2020 14:33,801,"Lavington Street, Bankside",04/01/2020 14:27,80,"Webber Street , Southwark"
94046720,300,15345,04/01/2020 08:11,194,"Hop Exchange, The Borough",04/01/2020 08:06,80,"Webber Street , Southwark"
94069981,660,6474,05/01/2020 15:25,371,"King Edward Walk, Waterloo",05/01/2020 15:14,82,"Chancery Lane, Holborn"
94040887,1140,16245,03/01/2020 17:57,508,"Fournier Street, Whitechapel",03/01/2020 17:38,82,"Chancery Lane, Holborn"
94019845,840,13632,02/01/2020 16:56,386,"Moor Street, Soho",02/01/2020 16:42,82,"Chancery Lane, Holborn"
94024698,1080,12266,02/01/2020 19:41,85,"Tanner Street, Bermondsey",02/01/2020 19:23,82,"Chancery Lane, Holborn"
94061251,1140,7698,04/01/2020 22:38,831,"St John's Crescent, Brixton",04/01/2020 22:19,82,"Chancery Lane, Holborn"
94069268,540,4234,05/01/2020 14:52,64,"William IV Street, Strand",05/01/2020 14:43,82,"Chancery Lane, Holborn"
94068872,4440,2575,05/01/2020 15:38,192,"Wardour Street, Soho",05/01/2020 14:24,82,"Chancery Lane, Holborn"
94058944,540,2550,04/01/2020 18:39,55,"Finsbury Circus, Liverpool Street",04/01/2020 18:30,82,"Chancery Lane, Holborn"
94047663,1020,2550,04/01/2020 10:06,82,"Chancery Lane, Holborn",04/01/2020 09:49,82,"Chancery Lane, Holborn"
94096526,900,372,06/01/2020 19:16,820,"Victory Place, Walworth",06/01/2020 19:01,82,"Chancery Lane, Holborn"
94069266,480,15528,05/01/2020 14:51,64,"William IV Street, Strand",05/01/2020 14:43,82,"Chancery Lane, Holborn"
94019027,1200,1746,02/01/2020 16:28,192,"Wardour Street, Soho",02/01/2020 16:08,82,"Chancery Lane, Holborn"
94041344,360,4631,03/01/2020 17:56,22,"Northington Street , Holborn",03/01/2020 17:50,82,"Chancery Lane, Holborn"
94039930,1560,7411,03/01/2020 17:39,737,"Fulham Broadway, Walham Green",03/01/2020 17:13,82,"Chancery Lane, Holborn"
94019834,840,16228,02/01/2020 16:56,386,"Moor Street, Soho",02/01/2020 16:42,82,"Chancery Lane, Holborn"
94118379,480,12627,07/01/2020 17:29,107,"Finsbury Leisure Centre, St. Luke's",07/01/2020 17:21,82,"Chancery Lane, Holborn"
94004861,900,11079,01/01/2020 17:10,199,"Great Tower Street, Monument",01/01/2020 16:55,82,"Chancery Lane, Holborn"
94004867,900,13701,01/01/2020 17:10,199,"Great Tower Street, Monument",01/01/2020 16:55,82,"Chancery Lane, Holborn"
94051695,540,7819,04/01/2020 13:18,12,"Malet Street, Bloomsbury",04/01/2020 13:09,82,"Chancery Lane, Holborn"
94057106,1020,15381,04/01/2020 17:02,39,"Shoreditch High Street, Shoreditch",04/01/2020 16:45,82,"Chancery Lane, Holborn"
94106598,480,13768,07/01/2020 08:55,331,"Bunhill Row, Moorgate",07/01/2020 08:47,82,"Chancery Lane, Holborn"
94020306,780,757,02/01/2020 17:12,26,"Ampton Street , Clerkenwell",02/01/2020 16:59,82,"Chancery Lane, Holborn"
94015523,300,3716,02/01/2020 13:12,388,"Southampton Street, Strand",02/01/2020 13:07,82,"Chancery Lane, Holborn"
94059502,600,4234,04/01/2020 19:22,371,"King Edward Walk, Waterloo",04/01/2020 19:12,82,"Chancery Lane, Holborn"
94046517,60,9764,04/01/2020 07:02,27,"Bouverie Street, Temple",04/01/2020 07:01,82,"Chancery Lane, Holborn"
94020296,780,2182,02/01/2020 17:12,26,"Ampton Street , Clerkenwell",02/01/2020 16:59,82,"Chancery Lane, Holborn"
94019842,900,1908,02/01/2020 16:57,386,"Moor Street, Soho",02/01/2020 16:42,82,"Chancery Lane, Holborn"
94095071,1320,7111,06/01/2020 18:45,282,"Royal London Hospital, Whitechapel",06/01/2020 18:23,82,"Chancery Lane, Holborn"
94094376,480,10534,06/01/2020 18:18,792,"Blackfriars Road, Southwark",06/01/2020 18:10,82,"Chancery Lane, Holborn"
94113284,900,4397,07/01/2020 14:00,46,"Nesham Street, Wapping",07/01/2020 13:45,82,"Chancery Lane, Holborn"
94098814,600,13140,06/01/2020 21:38,639,"Coomer Place, West Kensington",06/01/2020 21:28,97,"Gloucester Road (North), Kensington"
94057163,1380,15829,04/01/2020 17:11,756,"Prince of Wales Drive, Battersea Park",04/01/2020 16:48,97,"Gloucester Road (North), Kensington"
94120582,540,3782,07/01/2020 18:04,332,"Nevern Place, Earl's Court",07/01/2020 17:55,97,"Gloucester Road (North), Kensington"
94113372,360,8946,07/01/2020 13:56,133,"Derry Street, Kensington",07/01/2020 13:50,97,"Gloucester Road (North), Kensington"
94109959,1260,11992,07/01/2020 10:37,166,"Seville Street, Knightsbridge",07/01/2020 10:16,97,"Gloucester Road (North), Kensington"
94110969,2460,10290,07/01/2020 12:15,155,"Lexham Gardens, Kensington",07/01/2020 11:34,97,"Gloucester Road (North), Kensington"
94061324,1500,11539,04/01/2020 22:51,160,"Waterloo Place, St. James's",04/01/2020 22:26,97,"Gloucester Road (North), Kensington"
94085494,1200,15255,06/01/2020 11:32,404,"Palace Gate, Kensington Gardens",06/01/2020 11:12,97,"Gloucester Road (North), Kensington"
94116430,780,10721,07/01/2020 16:49,661,"All Saints Church, Portobello",07/01/2020 16:36,97,"Gloucester Road (North), Kensington"
94111604,720,3705,07/01/2020 12:28,613,"Woodstock Grove, Shepherd's Bush",07/01/2020 12:16,97,"Gloucester Road (North), Kensington"
94112518,720,12624,07/01/2020 13:15,584,"Ilchester Gardens, Bayswater",07/01/2020 13:03,97,"Gloucester Road (North), Kensington"
94021603,960,16480,02/01/2020 17:49,176,"Gloucester Terrace, Bayswater",02/01/2020 17:33,97,"Gloucester Road (North), Kensington"
94117938,780,15252,07/01/2020 17:26,691,"Erin Close, Walham Green",07/01/2020 17:13,97,"Gloucester Road (North), Kensington"
94037943,840,16987,03/01/2020 16:20,755,"The Vale, Chelsea",03/01/2020 16:06,97,"Gloucester Road (North), Kensington"
94048071,240,4095,04/01/2020 10:19,133,"Derry Street, Kensington",04/01/2020 10:15,97,"Gloucester Road (North), Kensington"
94013524,1200,8820,02/01/2020 11:32,834,"Gas Holders, Battersea Park",02/01/2020 11:12,97,"Gloucester Road (North), Kensington"
94052401,1380,16745,04/01/2020 14:01,609,"Sugden Road, Clapham",04/01/2020 13:38,97,"Gloucester Road (North), Kensington"
94012601,1380,12519,02/01/2020 10:20,153,"Bayswater Road, Hyde Park",02/01/2020 09:57,97,"Gloucester Road (North), Kensington"
94085984,780,6768,06/01/2020 12:08,337,"Pembridge Villas, Notting Hill",06/01/2020 11:55,97,"Gloucester Road (North), Kensington"
94012605,1380,7890,02/01/2020 10:20,153,"Bayswater Road, Hyde Park",02/01/2020 09:57,97,"Gloucester Road (North), Kensington"
94002253,1500,4418,01/01/2020 14:36,541,"Green Park Station, Mayfair",01/01/2020 14:11,97,"Gloucester Road (North), Kensington"
94032577,780,9345,03/01/2020 11:38,671,"Parsons Green Station, Parsons Green",03/01/2020 11:25,97,"Gloucester Road (North), Kensington"
94006134,660,16093,01/01/2020 19:24,782,"Halford Road, West Kensington",01/01/2020 19:13,97,"Gloucester Road (North), Kensington"
